sample_id,contributor,country,location,collection_year,collection_month,latitude,longitude,collector_sample_id,mean_cov,median_cov,modal_cov,mean_cov_2RL,median_cov_2RL,mode_cov_2RL,mean_cov_3RL,median_cov_3RL,mode_cov_3RL,mean_cov_X,median_cov_X,mode_cov_X,frac_gen_cov,divergence,pc_contam,LLR,sex_call,sample_set,geographic_cohort,geographic_cohort_code,geographic_cohort_colour,heterozygous_sites
SAMN27766034,Scott Small,Burkina Faso,Ipendo,2001,12,12.02,-2.32,Ipendo_01-06373_Folonzo,27.85,27,26,28.14,27,26,28.0,27,26,25.83,25,25,0.921,0.02058,2.931,3006.639,F,small-2023,BurkinaFaso_Folonzo,BF-F,#98DF8A,3163217
SAMN27766035,Scott Small,Burkina Faso,Ipendo,2001,12,12.02,-2.32,Ipendo_01-06375_Folonzo,32.47,32,31,32.76,32,31,32.7,32,31,30.13,30,31,0.924,0.02002,2.654,3173.303,F,small-2023,BurkinaFaso_Folonzo,BF-F,#98DF8A,2932037
SAMN27766036,Scott Small,Burkina Faso,Ipendo,2001,12,12.02,-2.32,Ipendo_01-06387_Folonzo,32.43,32,31,32.74,32,31,32.64,32,31,30.05,30,30,0.922,0.02026,2.787,3331.704,F,small-2023,BurkinaFaso_Folonzo,BF-F,#98DF8A,3012687
SAMN27766037,Scott Small,Burkina Faso,Ipendo,2001,12,12.02,-2.32,Ipendo_01-06389_Folonzo,30.23,29,29,30.58,30,29,30.46,30,29,27.57,27,28,0.922,0.02021,3.028,3429.162,F,small-2023,BurkinaFaso_Folonzo,BF-F,#98DF8A,3006325
SAMN27766038,Scott Small,Burkina Faso,Koubri,2000,9,12.33,-1.5,Koubri_00-01421_Folonzo,36.85,36,36,37.06,36,36,37.09,36,36,34.9,34,35,0.925,0.02006,2.258,3210.258,F,small-2023,BurkinaFaso_Folonzo,BF-F,#98DF8A,2860482
SAMN27766039,Scott Small,Burkina Faso,Koubri,2000,9,12.33,-1.5,Koubri_00-01432_Folonzo,41.84,41,41,42.16,41,41,42.0,41,41,39.66,39,40,0.927,0.02003,2.05,3564.486,F,small-2023,BurkinaFaso_Folonzo,BF-F,#98DF8A,2803105
SAMN27766040,Scott Small,Burkina Faso,Koubri,2000,9,12.33,-1.5,Koubri_00-01435_Folonzo,39.71,39,39,39.99,39,39,39.82,39,39,37.93,37,38,0.926,0.02005,2.781,5141.669,F,small-2023,BurkinaFaso_Folonzo,BF-F,#98DF8A,2843621
SAMN27766041,Scott Small,Burkina Faso,Koubri,2000,9,12.33,-1.5,Koubri_00-01456_Folonzo,45.07,44,44,45.3,45,44,45.34,44,44,42.81,42,44,0.928,0.01981,1.801,2705.241,F,small-2023,BurkinaFaso_Folonzo,BF-F,#98DF8A,2852486
SAMN27766042,Scott Small,Burkina Faso,Koubri,2000,9,12.33,-1.5,Koubri_00-01490_Folonzo,48.09,47,47,48.54,48,47,48.17,47,47,45.5,45,47,0.927,0.02022,1.855,3136.163,F,small-2023,BurkinaFaso_Folonzo,BF-F,#98DF8A,2845757
SAMN27766043,Scott Small,Burkina Faso,Koubri,2000,9,12.33,-1.5,Koubri_00-01612_Folonzo,37.32,36,36,37.49,37,36,37.33,36,36,36.44,35,35,0.924,0.02014,1.851,2090.197,F,small-2023,BurkinaFaso_Folonzo,BF-F,#98DF8A,2906455
SAMN27766044,Scott Small,Burkina Faso,Koubri,2000,11,12.33,-1.5,Koubri_00-03541_Folonzo,39.25,38,38,39.34,39,38,39.21,38,38,38.94,37,38,0.924,0.02012,1.419,1431.968,F,small-2023,BurkinaFaso_Folonzo,BF-F,#98DF8A,2911124
SAMN27766045,Scott Small,Burkina Faso,Koubri,2000,11,12.33,-1.5,Koubri_00-03544_Folonzo,42.45,41,41,42.53,42,41,42.45,41,41,42.06,40,41,0.925,0.02008,1.14,1213.886,F,small-2023,BurkinaFaso_Folonzo,BF-F,#98DF8A,2790001
SAMN27766046,Scott Small,Burkina Faso,Koubri,2000,11,12.33,-1.5,Koubri_00-03830_Folonzo,40.31,39,39,40.25,39,39,40.22,39,38,40.97,39,39,0.925,0.01993,2.712,4945.202,F,small-2023,BurkinaFaso_Folonzo,BF-F,#98DF8A,2894590
SAMN27766047,Scott Small,Burkina Faso,Koubri,2001,11,12.33,-1.5,Koubri_01-04358_Folonzo,37.86,37,37,38.05,37,37,37.94,37,37,36.57,36,37,0.925,0.01992,2.054,2412.186,F,small-2023,BurkinaFaso_Folonzo,BF-F,#98DF8A,2926374
SAMN27766048,Scott Small,Burkina Faso,Koubri,2001,11,12.33,-1.5,Koubri_01-04362_Folonzo,93.38,94,94,94.16,94,94,93.54,94,94,88.98,90,92,0.933,0.01978,1.87,6514.954,F,small-2023,BurkinaFaso_Folonzo,BF-F,#98DF8A,2855123
SAMN27766049,Scott Small,Burkina Faso,Kuiti,2000,9,12.28,-1.41,Kuiti_00-01526_Folonzo,33.54,33,32,33.73,33,33,33.64,33,32,32.19,31,31,0.924,0.01992,1.962,2164.881,F,small-2023,BurkinaFaso_Folonzo,BF-F,#98DF8A,2878850
SAMN27766050,Scott Small,Burkina Faso,Kuiti,2000,11,12.28,-1.41,Kuiti_00-03385_Folonzo,35.86,35,34,35.95,35,35,35.74,35,34,35.85,35,34,0.923,0.02002,1.357,1264.269,F,small-2023,BurkinaFaso_Folonzo,BF-F,#98DF8A,2888540
SAMN27766052,Scott Small,Burkina Faso,Kuiti,2000,11,12.28,-1.41,Kuiti_00-03666_Folonzo,36.95,36,36,37.04,36,36,37.08,36,36,35.96,35,35,0.924,0.02004,1.579,1618.87,F,small-2023,BurkinaFaso_Folonzo,BF-F,#98DF8A,2885337
SAMN27766053,Scott Small,Burkina Faso,Kuiti,2000,11,12.28,-1.41,Kuiti_00-03773_Folonzo,35.21,34,34,35.23,34,34,35.16,34,34,35.33,33,34,0.921,0.02008,1.465,1408.693,F,small-2023,BurkinaFaso_Folonzo,BF-F,#98DF8A,2901544
SAMN27766054,Scott Small,Burkina Faso,Kuiti,2000,11,12.28,-1.41,Kuiti_00-03776_Folonzo,49.79,49,48,49.75,49,49,49.77,49,48,50.05,48,48,0.926,0.01992,1.377,1997.755,F,small-2023,BurkinaFaso_Folonzo,BF-F,#98DF8A,2797784
SAMN27766055,Scott Small,Burkina Faso,Kuiti,2000,12,12.28,-1.41,Kuiti_00-04003_Folonzo,31.29,30,30,31.12,30,30,31.2,30,29,32.46,30,29,0.923,0.02028,1.704,1595.375,F,small-2023,BurkinaFaso_Folonzo,BF-F,#98DF8A,2927437
SAMN27766056,Scott Small,Burkina Faso,Kuiti,2000,12,12.28,-1.41,Kuiti_00-04366_Folonzo,35.37,34,34,35.44,35,34,35.34,34,34,35.09,34,34,0.925,0.01994,1.809,1908.031,F,small-2023,BurkinaFaso_Folonzo,BF-F,#98DF8A,2840428
SAMN27766058,Scott Small,Burkina Faso,Kuiti,2000,12,12.28,-1.41,Kuiti_00-04455_Folonzo,25.05,24,24,25.21,24,24,25.11,24,24,24.01,23,23,0.92,0.021,2.902,2395.572,F,small-2023,BurkinaFaso_Folonzo,BF-F,#98DF8A,3396753
SAMN27766059,Scott Small,Burkina Faso,Kuiti,2002,12,12.28,-1.41,Kuiti_02-06209_Folonzo,58.94,58,58,58.85,58,58,58.64,58,57,60.62,58,58,0.928,0.02002,1.188,1800.011,F,small-2023,BurkinaFaso_Folonzo,BF-F,#98DF8A,2813931
SAMN27766060,Scott Small,Burkina Faso,Kuiti,2002,12,12.28,-1.41,Kuiti_02-06212_Folonzo,62.98,62,62,62.83,62,62,62.85,62,62,64.18,62,62,0.931,0.01988,5.116,21953.303,F,small-2023,BurkinaFaso_Folonzo,BF-F,#98DF8A,2934071
SAMN27766061,Scott Small,Burkina Faso,Kuiti,2002,12,12.28,-1.41,Kuiti_02-06223_Folonzo,80.36,79,79,80.19,80,79,80.36,79,79,81.11,79,80,0.934,0.01972,5.775,35297.276,F,small-2023,BurkinaFaso_Folonzo,BF-F,#98DF8A,2945077
SAMN27766062,Scott Small,Burkina Faso,La,2002,12,12.07,-2.3,La_02-07526_Folonzo,29.16,28,28,29.52,29,28,29.32,29,28,26.66,26,27,0.919,0.02116,3.943,4729.443,F,small-2023,BurkinaFaso_Folonzo,BF-F,#98DF8A,3194361
SAMN27766063,Scott Small,Burkina Faso,La,2002,12,12.07,-2.3,La_02-07537_Folonzo,31.77,31,30,31.99,31,30,32.03,31,31,29.63,29,30,0.922,0.02048,4.323,7443.85,F,small-2023,BurkinaFaso_Folonzo,BF-F,#98DF8A,3038831
SAMN27766064,Scott Small,Burkina Faso,La,2002,12,12.07,-2.3,La_02-07539_Folonzo,29.74,29,28,30.06,29,28,29.9,29,28,27.47,27,27,0.922,0.02033,3.659,4230.701,F,small-2023,BurkinaFaso_Folonzo,BF-F,#98DF8A,3112530
SAMN27766065,Scott Small,Burkina Faso,La,2002,12,12.07,-2.3,La_02-07544_Folonzo,33.91,33,33,34.22,33,33,34.16,33,33,31.32,31,31,0.922,0.02021,3.242,4348.254,F,small-2023,BurkinaFaso_Folonzo,BF-F,#98DF8A,2957998
SAMN27766066,Scott Small,Burkina Faso,La,2002,12,12.07,-2.3,La_02-07549_Folonzo,29.39,29,28,29.67,29,28,29.62,29,28,27.06,27,27,0.92,0.02054,3.803,4556.592,F,small-2023,BurkinaFaso_Folonzo,BF-F,#98DF8A,3123138
SAMN27766067,Scott Small,Burkina Faso,La,2002,12,12.07,-2.3,La_02-07557_Folonzo,28.29,27,27,28.56,28,27,28.51,27,27,26.02,25,26,0.92,0.02083,4.752,5118.842,F,small-2023,BurkinaFaso_Folonzo,BF-F,#98DF8A,3326507
SAMN27766068,Scott Small,Burkina Faso,La,2002,12,12.07,-2.3,La_02-07580_Folonzo,28.69,28,27,28.98,28,27,28.87,28,27,26.49,26,26,0.919,0.02057,4.308,4606.007,F,small-2023,BurkinaFaso_Folonzo,BF-F,#98DF8A,3257204
SAMN27766069,Scott Small,Burkina Faso,La,2002,12,12.07,-2.3,La_02-07675_Folonzo,34.51,34,33,34.86,34,33,34.75,34,34,31.76,32,32,0.922,0.02032,3.078,4517.143,F,small-2023,BurkinaFaso_Folonzo,BF-F,#98DF8A,2943747
SAMN27766070,Scott Small,Burkina Faso,La,2002,12,12.07,-2.3,La_02-07709_Folonzo,31.77,31,31,32.07,31,31,31.99,31,31,29.36,29,30,0.922,0.02008,3.068,3919.084,F,small-2023,BurkinaFaso_Folonzo,BF-F,#98DF8A,2931025
SAMN27766071,Scott Small,Burkina Faso,La,2002,12,12.07,-2.3,La_02-07745_Folonzo,30.44,30,29,30.7,30,29,30.54,30,29,28.73,28,29,0.918,0.0209,3.273,3871.507,F,small-2023,BurkinaFaso_Folonzo,BF-F,#98DF8A,3213283
SAMN27766072,Scott Small,Burkina Faso,La,2002,12,12.07,-2.3,La_02-07747_Folonzo,39.9,39,39,40.37,40,39,40.14,39,39,36.59,37,38,0.925,0.02032,3.499,6487.752,F,small-2023,BurkinaFaso_Folonzo,BF-F,#98DF8A,2970785
SAMN27766073,Scott Small,Burkina Faso,Pehele,2002,11,12.25,-1.18,Pehele_02-05624_Folonzo,31.5,31,30,31.83,31,30,31.74,31,30,28.86,29,29,0.923,0.02062,3.659,4890.251,F,small-2023,BurkinaFaso_Folonzo,BF-F,#98DF8A,3042553
SAMN27766074,Scott Small,Burkina Faso,Pehele,2002,11,12.25,-1.18,Pehele_02-05640_Folonzo,26.9,26,25,27.2,26,25,27.09,26,25,24.69,24,25,0.921,0.02123,4.316,4738.476,F,small-2023,BurkinaFaso_Folonzo,BF-F,#98DF8A,3351350
SAMN27766075,Scott Small,Burkina Faso,Pehele,2002,11,12.25,-1.18,Pehele_02-05652_Folonzo,34.72,34,33,35.1,34,34,35.01,34,34,31.71,31,32,0.923,0.02069,3.349,5799.545,F,small-2023,BurkinaFaso_Folonzo,BF-F,#98DF8A,3000277
SAMN27766076,Scott Small,Burkina Faso,Pehele,2002,11,12.25,-1.18,Pehele_02-05666_Folonzo,35.37,35,34,35.79,35,34,35.57,35,34,32.46,32,33,0.925,0.02009,3.753,5802.193,F,small-2023,BurkinaFaso_Folonzo,BF-F,#98DF8A,2957825
SAMN27766077,Scott Small,Burkina Faso,Pehele,2002,11,12.25,-1.18,Pehele_02-05670_Folonzo,35.29,35,34,35.65,35,34,35.57,35,34,32.39,32,33,0.924,0.02076,3.207,5159.996,F,small-2023,BurkinaFaso_Folonzo,BF-F,#98DF8A,3005074
SAMN27766078,Scott Small,Burkina Faso,Pehele,2002,12,12.25,-1.18,Pehele_02-06377_Folonzo,28.31,28,27,28.7,28,28,28.29,28,27,26.38,26,27,0.92,0.02107,4.062,5229.561,F,small-2023,BurkinaFaso_Folonzo,BF-F,#98DF8A,3240142
SAMN27766079,Scott Small,Burkina Faso,Pehele,2002,12,12.25,-1.18,Pehele_02-06394_Folonzo,37.44,37,37,37.91,37,37,37.69,37,37,34.06,34,35,0.925,0.02017,2.127,3133.34,F,small-2023,BurkinaFaso_Folonzo,BF-F,#98DF8A,2813759
SAMN27766080,Scott Small,Burkina Faso,Sabtenga,2002,12,11.8,-0.5,Sabtenga_02-07101_Folonzo,32.88,32,32,33.25,32,32,33.18,32,32,29.82,30,31,0.923,0.02038,3.425,4631.814,F,small-2023,BurkinaFaso_Folonzo,BF-F,#98DF8A,3028488
SAMN27766081,Scott Small,Burkina Faso,Sabtenga,2002,12,11.8,-0.5,Sabtenga_02-07104_Folonzo,35.6,35,34,36.1,35,34,35.93,35,34,31.82,32,33,0.925,0.02046,3.561,5782.425,F,small-2023,BurkinaFaso_Folonzo,BF-F,#98DF8A,3015428
SAMN27766082,Scott Small,Burkina Faso,Sabtenga,2002,12,11.8,-0.5,Sabtenga_02-07106_Folonzo,31.91,31,30,32.24,31,30,32.26,31,30,28.82,28,29,0.924,0.02054,3.817,5211.211,F,small-2023,BurkinaFaso_Folonzo,BF-F,#98DF8A,3085546
SAMN27766083,Scott Small,Burkina Faso,Sabtenga,2002,12,11.8,-0.5,Sabtenga_02-07107_Folonzo,28.36,27,27,28.64,28,27,28.6,28,27,25.97,26,26,0.92,0.02102,4.7,5464.628,F,small-2023,BurkinaFaso_Folonzo,BF-F,#98DF8A,3304597
SAMN27766084,Scott Small,Burkina Faso,Sabtenga,2002,12,11.8,-0.5,Sabtenga_02-07108_Folonzo,31.75,31,30,32.08,31,30,32.07,31,30,28.78,28,29,0.924,0.02066,3.7,5418.258,F,small-2023,BurkinaFaso_Folonzo,BF-F,#98DF8A,3065622
SAMN27766085,Scott Small,Burkina Faso,Sabtenga,2002,12,11.8,-0.5,Sabtenga_02-07110_Folonzo,32.42,32,31,32.74,32,31,32.68,32,31,29.81,30,30,0.924,0.02039,3.97,5312.112,F,small-2023,BurkinaFaso_Folonzo,BF-F,#98DF8A,3035404
SAMN27766086,Scott Small,Burkina Faso,Sabtenga,2002,12,11.8,-0.5,Sabtenga_02-07111_Folonzo,29.47,29,28,29.72,29,28,29.85,29,28,26.65,26,27,0.923,0.02073,3.519,3882.893,F,small-2023,BurkinaFaso_Folonzo,BF-F,#98DF8A,3194318
SAMN27766087,Scott Small,Burkina Faso,Sabtenga,2002,12,11.8,-0.5,Sabtenga_02-07112_Folonzo,28.36,27,27,28.62,28,27,28.64,28,27,25.9,25,26,0.922,0.02085,4.373,4868.251,F,small-2023,BurkinaFaso_Folonzo,BF-F,#98DF8A,3252254
SAMN27766088,Scott Small,Burkina Faso,Sabtenga,2002,12,11.8,-0.5,Sabtenga_02-07119_Folonzo,25.45,25,24,25.74,25,24,25.62,25,24,23.31,23,23,0.92,0.02203,4.515,4894.02,F,small-2023,BurkinaFaso_Folonzo,BF-F,#98DF8A,3541826
SAMN27766089,Scott Small,Burkina Faso,Sabtenga,2002,12,11.8,-0.5,Sabtenga_02-07125_Folonzo,29.27,29,28,29.59,29,28,29.5,29,28,26.76,27,27,0.921,0.02024,4.178,5699.07,F,small-2023,BurkinaFaso_Folonzo,BF-F,#98DF8A,3057380
SAMN27766090,Scott Small,Burkina Faso,Sabtenga,2002,12,11.8,-0.5,Sabtenga_02-07145_Folonzo,39.33,38,38,39.79,39,38,39.58,39,38,36.03,36,36,0.924,0.02009,2.986,5122.531,F,small-2023,BurkinaFaso_Folonzo,BF-F,#98DF8A,2871379
SAMN27766091,Scott Small,Burkina Faso,Sabtenga,2002,12,11.8,-0.5,Sabtenga_02-07193_Folonzo,35.86,35,35,36.31,36,35,36.11,35,35,32.62,33,34,0.923,0.0206,3.065,4633.719,F,small-2023,BurkinaFaso_Folonzo,BF-F,#98DF8A,2990951
SAMN27766092,Scott Small,Burkina Faso,Sabtenga,2002,12,11.8,-0.5,Sabtenga_02-07199_Folonzo,44.05,43,43,44.41,43,43,44.35,43,43,41.05,41,41,0.928,0.0202,2.79,5746.856,F,small-2023,BurkinaFaso_Folonzo,BF-F,#98DF8A,2878057
SAMN27766093,Scott Small,Burkina Faso,Vi,2002,12,11.75,-3.13,Vi_02-06681_Folonzo,31.6,31,30,31.93,31,31,31.8,31,31,29.16,29,30,0.922,0.02008,2.238,2348.112,F,small-2023,BurkinaFaso_Folonzo,BF-F,#98DF8A,2953340
SAMN27766094,Scott Small,Burkina Faso,Vi,2002,12,11.75,-3.13,Vi_02-06809_Folonzo,31.56,31,30,31.91,31,31,31.73,31,30,29.15,29,29,0.921,0.02033,2.45,2930.918,F,small-2023,BurkinaFaso_Folonzo,BF-F,#98DF8A,2917671
SAMN27766095,Scott Small,Burkina Faso,Vi,2002,12,11.75,-3.13,Vi_02-06817_Folonzo,31.23,31,30,31.5,31,30,31.44,31,30,29.01,29,29,0.921,0.01997,2.289,2610.687,F,small-2023,BurkinaFaso_Folonzo,BF-F,#98DF8A,2881440
SAMN27766096,Scott Small,Burkina Faso,Vi,2002,12,11.75,-3.13,Vi_02-06825_Folonzo,27.37,27,26,27.67,27,26,27.45,27,26,25.51,25,26,0.918,0.02029,2.997,2576.87,F,small-2023,BurkinaFaso_Folonzo,BF-F,#98DF8A,3112211
SAMN27766097,Scott Small,Burkina Faso,Vi,2002,12,11.75,-3.13,Vi_02-06829_Folonzo,31.19,30,30,31.49,31,30,31.37,30,30,28.93,29,29,0.922,0.01976,2.995,3274.601,F,small-2023,BurkinaFaso_Folonzo,BF-F,#98DF8A,2939058
SAMN27766098,Scott Small,Burkina Faso,Vi,2002,12,11.75,-3.13,Vi_02-06837_Folonzo,42.18,42,42,42.82,42,42,42.17,42,42,39.03,40,41,0.924,0.02006,1.778,2646.982,F,small-2023,BurkinaFaso_Folonzo,BF-F,#98DF8A,2811668
SAMN27766099,Scott Small,Burkina Faso,Vi,2002,12,11.75,-3.13,Vi_02-06839_Folonzo,32.75,32,32,33.08,32,32,32.95,32,32,30.21,30,31,0.921,0.01986,2.49,2707.798,F,small-2023,BurkinaFaso_Folonzo,BF-F,#98DF8A,2932366
SAMN27766100,Scott Small,Burkina Faso,Vi,2002,12,11.75,-3.13,Vi_02-06845_Folonzo,35.23,35,34,35.64,35,34,35.44,35,34,32.36,33,33,0.923,0.02037,3.391,6085.725,F,small-2023,BurkinaFaso_Folonzo,BF-F,#98DF8A,2920209
SAMN27766101,Scott Small,Burkina Faso,Vi,2002,12,11.75,-3.13,Vi_02-06851_Folonzo,29.52,29,29,29.8,29,29,29.68,29,28,27.45,27,28,0.921,0.01993,2.959,3062.152,F,small-2023,BurkinaFaso_Folonzo,BF-F,#98DF8A,2988799
SAMN27766102,Scott Small,Burkina Faso,Vi,2002,12,11.75,-3.13,Vi_02-06857_Folonzo,25.03,24,24,25.28,24,24,25.19,24,24,23.08,23,23,0.92,0.02081,2.98,2565.163,F,small-2023,BurkinaFaso_Folonzo,BF-F,#98DF8A,3295392
SAMN27766103,Scott Small,Burkina Faso,Vi,2002,12,11.75,-3.13,Vi_02-06873_Folonzo,31.7,31,31,32.1,31,31,31.69,31,31,29.71,30,31,0.923,0.02023,2.532,3182.048,F,small-2023,BurkinaFaso_Folonzo,BF-F,#98DF8A,2912297
SAMN27766104,Scott Small,Burkina Faso,La,2002,12,12.07,-2.3,La_02-07529_Folonzo,32.22,31,31,32.53,32,31,32.42,32,31,29.89,30,30,0.921,0.02065,3.649,5214.906,F,small-2023,BurkinaFaso_Kiribina,BF-K,#02715B,2970472
SAMN27766105,Scott Small,Burkina Faso,Vi,2002,12,11.75,-3.13,Vi_02-06855_Folonzo,35.31,34,34,35.74,35,34,35.62,35,34,32.01,32,32,0.924,0.02077,3.954,7076.867,F,small-2023,BurkinaFaso_Kiribina,BF-K,#02715B,2920137
SAMN27766106,Scott Small,Burkina Faso,Ipendo,2001,12,12.02,-2.32,Ipendo_01-05793_Folonzo,16.63,16,15,16.77,16,15,16.71,16,15,15.55,14,14,0.912,0.02471,6.059,3078.889,F,small-2023,BurkinaFaso_Folonzo,BF-F,#98DF8A,5024861
SAMN27766107,Scott Small,Burkina Faso,La,2002,12,12.07,-2.3,La_02-07553_Folonzo,40.31,40,39,40.73,40,40,40.62,40,39,37.05,37,39,0.924,0.02005,2.893,5057.122,F,small-2023,BurkinaFaso_Folonzo,BF-F,#98DF8A,2906203
SAMN27766108,Scott Small,Burkina Faso,La,2002,12,12.07,-2.3,La_02-07687_Folonzo,21.23,20,20,21.3,20,20,21.35,20,20,20.37,19,19,0.916,0.0249,5.235,4584.167,F,small-2023,BurkinaFaso_Folonzo,BF-F,#98DF8A,4715053
SAMN27766110,Scott Small,Burkina Faso,Pehele,2002,11,12.25,-1.18,Pehele_02-06341_Folonzo,20.15,19,19,20.39,20,19,20.12,19,19,19.0,19,19,0.918,0.02477,5.555,4422.159,F,small-2023,BurkinaFaso_Folonzo,BF-F,#98DF8A,4745813
SAMN27766111,Scott Small,Burkina Faso,Pehele,2002,12,12.25,-1.18,Pehele_02-06363_Folonzo,18.72,18,17,18.97,18,17,18.66,18,17,17.67,17,17,0.915,0.02598,5.701,3920.365,F,small-2023,BurkinaFaso_Folonzo,BF-F,#98DF8A,5100447
SAMN27766113,Scott Small,Burkina Faso,Sabtenga,2002,12,11.8,-0.5,Sabtenga_02-07195_Folonzo,19.61,19,18,19.78,19,18,19.71,19,18,18.32,18,17,0.917,0.02455,5.095,3553.935,F,small-2023,BurkinaFaso_Folonzo,BF-F,#98DF8A,4729804
SAMN27766115,Scott Small,Burkina Faso,Vi,2002,12,11.75,-3.13,Vi_02-06871_Folonzo,20.37,20,19,20.57,20,19,20.46,20,19,18.96,18,19,0.92,0.02209,3.914,2672.034,F,small-2023,BurkinaFaso_Folonzo,BF-F,#98DF8A,3766239
SAMN27766118,Scott Small,Burkina Faso,Vi,2002,12,11.75,-3.13,Vi_02-06859_Folonzo,25.51,24,24,25.68,25,24,25.71,25,24,23.88,23,22,0.922,0.02196,4.861,5036.586,F,small-2023,BurkinaFaso_Folonzo,BF-F,#98DF8A,3599744
SAMN27766119,Scott Small,Burkina Faso,Ipendo,2001,12,12.02,-2.32,Ipendo_01-05791_Kiribina,29.25,28,28,29.51,29,28,29.45,28,28,27.15,26,26,0.919,0.02085,2.399,2655.479,F,small-2023,BurkinaFaso_Folonzo,BF-F,#98DF8A,3173328
SAMN27766120,Scott Small,Burkina Faso,Ipendo,2001,12,12.02,-2.32,Ipendo_01-05798_Kiribina,36.43,36,35,36.88,36,36,36.53,36,35,33.79,34,34,0.923,0.02009,1.965,2323.268,F,small-2023,BurkinaFaso_Folonzo,BF-F,#98DF8A,2901175
SAMN27766121,Scott Small,Burkina Faso,Ividie,2002,12,11.82,-2.63,Ividie_02-06477_Kiribina,32.13,32,31,32.61,32,32,32.06,32,31,30.02,30,31,0.92,0.02062,2.987,4112.295,F,small-2023,BurkinaFaso_Folonzo,BF-F,#98DF8A,2986077
SAMN27766122,Scott Small,Burkina Faso,Koubri,2000,9,12.33,-1.5,Koubri_00-01401_Kiribina,37.69,37,37,37.99,37,37,37.78,37,37,35.83,35,36,0.925,0.02039,1.838,2329.267,F,small-2023,BurkinaFaso_Folonzo,BF-F,#98DF8A,2847069
SAMN27766123,Scott Small,Burkina Faso,Koubri,2000,9,12.33,-1.5,Koubri_00-01413_Kiribina,35.61,35,34,35.83,35,34,35.55,35,34,34.76,34,34,0.924,0.02046,1.795,2030.029,F,small-2023,BurkinaFaso_Folonzo,BF-F,#98DF8A,2860771
SAMN27766124,Scott Small,Burkina Faso,Koubri,2000,9,12.33,-1.5,Koubri_00-01434_Kiribina,33.37,33,32,33.68,33,32,33.45,33,32,31.49,31,31,0.922,0.02035,2.269,2984.793,F,small-2023,BurkinaFaso_Folonzo,BF-F,#98DF8A,2919919
SAMN27766125,Scott Small,Burkina Faso,Koubri,2000,9,12.33,-1.5,Koubri_00-01455_Kiribina,36.13,35,35,36.31,36,35,36.15,35,35,35.18,34,35,0.924,0.02023,1.65,2011.336,F,small-2023,BurkinaFaso_Folonzo,BF-F,#98DF8A,2799067
SAMN27766126,Scott Small,Burkina Faso,Koubri,2001,11,12.33,-1.5,Koubri_01-04359_Kiribina,43.3,43,42,43.6,43,43,43.32,43,42,41.71,41,42,0.926,0.02033,1.81,2765.991,F,small-2023,BurkinaFaso_Folonzo,BF-F,#98DF8A,2831578
SAMN27766127,Scott Small,Burkina Faso,Koubri,2001,11,12.33,-1.5,Koubri_01-04360_Kiribina,40.79,40,40,41.1,40,40,40.83,40,40,39.07,39,39,0.926,0.02027,1.858,2725.565,F,small-2023,BurkinaFaso_Folonzo,BF-F,#98DF8A,2831900
SAMN27766128,Scott Small,Burkina Faso,Kuiti,2000,9,12.28,-1.41,Kuiti_00-01332_Kiribina,33.81,33,33,34.08,33,33,33.92,33,33,32.03,31,32,0.924,0.02044,2.089,2598.109,F,small-2023,BurkinaFaso_Folonzo,BF-F,#98DF8A,2876602
SAMN27766129,Scott Small,Burkina Faso,Kuiti,2000,9,12.28,-1.41,Kuiti_00-01396_Kiribina,38.03,37,37,38.44,38,37,38.08,37,37,35.81,35,37,0.923,0.02037,1.878,2682.24,F,small-2023,BurkinaFaso_Folonzo,BF-F,#98DF8A,2840926
SAMN27766130,Scott Small,Burkina Faso,Kuiti,2000,9,12.28,-1.41,Kuiti_00-01397_Kiribina,42.52,42,42,42.82,42,42,42.66,42,41,40.51,40,41,0.925,0.02028,1.304,1674.198,F,small-2023,BurkinaFaso_Folonzo,BF-F,#98DF8A,2820546
SAMN27766131,Scott Small,Burkina Faso,Kuiti,2000,9,12.28,-1.41,Kuiti_00-01528_Kiribina,35.04,34,34,35.3,34,34,35.17,34,34,33.24,33,33,0.924,0.02033,2.751,4091.173,F,small-2023,BurkinaFaso_Folonzo,BF-F,#98DF8A,2882638
SAMN27766132,Scott Small,Burkina Faso,Kuiti,2000,11,12.28,-1.41,Kuiti_00-03777_Kiribina,38.54,38,37,38.74,38,38,38.62,38,37,37.21,36,37,0.923,0.02013,1.77,2426.455,F,small-2023,BurkinaFaso_Folonzo,BF-F,#98DF8A,2812711
SAMN27766133,Scott Small,Burkina Faso,Kuiti,2002,12,12.28,-1.41,Kuiti_02-06217_Kiribina,33.96,33,32,33.86,33,32,33.66,33,32,35.64,33,32,0.924,0.0204,3.752,5729.637,F,small-2023,BurkinaFaso_Folonzo,BF-F,#98DF8A,2985864
SAMN27766134,Scott Small,Burkina Faso,Pehele,2002,11,12.25,-1.18,Pehele_02-05628_Kiribina,25.59,25,24,25.88,25,24,25.79,25,24,23.35,23,22,0.919,0.02286,5.277,6340.751,F,small-2023,BurkinaFaso_Folonzo,BF-F,#98DF8A,3835741
SAMN27766135,Scott Small,Burkina Faso,Pehele,2002,11,12.25,-1.18,Pehele_02-05630_Kiribina,31.17,30,30,31.61,31,30,31.35,30,30,28.26,28,29,0.921,0.02141,4.303,6812.947,F,small-2023,BurkinaFaso_Folonzo,BF-F,#98DF8A,3194421
SAMN27766136,Scott Small,Burkina Faso,Pehele,2002,11,12.25,-1.18,Pehele_02-05656_Kiribina,28.48,28,27,28.81,28,27,28.61,28,27,26.33,26,26,0.921,0.02109,4.31,4913.337,F,small-2023,BurkinaFaso_Folonzo,BF-F,#98DF8A,3245044
SAMN27766137,Scott Small,Burkina Faso,Pehele,2002,11,12.25,-1.18,Pehele_02-05664_Kiribina,34.27,34,33,34.75,34,33,34.42,34,33,31.22,31,31,0.923,0.02066,3.919,6311.423,F,small-2023,BurkinaFaso_Folonzo,BF-F,#98DF8A,3077645
SAMN27766138,Scott Small,Burkina Faso,Vi,2002,12,11.75,-3.13,Vi_02-06695_Kiribina,63.06,63,63,64.1,64,64,63.21,63,63,57.28,60,62,0.926,0.02015,2.307,6005.212,F,small-2023,BurkinaFaso_Folonzo,BF-F,#98DF8A,2829680
SAMN27766139,Scott Small,Burkina Faso,Vi,2002,12,11.75,-3.13,Vi_02-06801_Kiribina,47.97,47,47,48.69,48,47,48.15,47,47,43.65,44,47,0.925,0.02006,2.913,5544.878,F,small-2023,BurkinaFaso_Folonzo,BF-F,#98DF8A,2867916
SAMN27766140,Scott Small,Burkina Faso,Vi,2002,12,11.75,-3.13,Vi_02-06821_Kiribina,107.25,109,110,109.39,110,110,107.11,109,109,97.32,105,110,0.933,0.02018,2.361,12197.156,F,small-2023,BurkinaFaso_Folonzo,BF-F,#98DF8A,2833904
SAMN27766141,Scott Small,Burkina Faso,Bagre,2002,12,11.53,-0.47,Bagre_02-07327_Kiribina,29.27,29,28,29.66,29,28,29.45,29,28,26.62,27,27,0.921,0.02092,3.981,5038.268,F,small-2023,BurkinaFaso_Kiribina,BF-K,#02715B,3085520
SAMN27766142,Scott Small,Burkina Faso,Bagre,2002,12,11.53,-0.47,Bagre_02-07329_Kiribina,38.32,38,37,38.83,38,37,38.6,38,37,34.71,35,35,0.926,0.02033,2.568,4218.516,F,small-2023,BurkinaFaso_Kiribina,BF-K,#02715B,2771085
SAMN27766143,Scott Small,Burkina Faso,Bagre,2002,12,11.53,-0.47,Bagre_02-07341_Kiribina,37.87,37,37,38.38,38,37,38.05,37,37,34.66,35,36,0.926,0.02088,3.711,7810.846,F,small-2023,BurkinaFaso_Kiribina,BF-K,#02715B,2911067
SAMN27766144,Scott Small,Burkina Faso,Bagre,2002,12,11.53,-0.47,Bagre_02-07343_Kiribina,29.32,29,28,29.63,29,28,29.53,29,28,26.87,27,27,0.92,0.02132,3.818,5195.499,F,small-2023,BurkinaFaso_Kiribina,BF-K,#02715B,3155204
SAMN27766145,Scott Small,Burkina Faso,Bagre,2002,12,11.53,-0.47,Bagre_02-07344_Kiribina,34.12,33,33,34.51,34,33,34.33,34,33,31.28,31,32,0.922,0.02067,3.462,5553.967,F,small-2023,BurkinaFaso_Kiribina,BF-K,#02715B,2914575
SAMN27766146,Scott Small,Burkina Faso,Bagre,2002,12,11.53,-0.47,Bagre_02-07346_Kiribina,40.05,40,39,40.59,40,40,40.24,40,39,36.65,37,38,0.924,0.0206,2.705,5204.817,F,small-2023,BurkinaFaso_Kiribina,BF-K,#02715B,2781754
SAMN27766147,Scott Small,Burkina Faso,Bagre,2002,12,11.53,-0.47,Bagre_02-07350_Kiribina,24.94,24,24,25.21,24,24,25.11,24,24,22.93,22,23,0.92,0.02257,4.682,5276.565,F,small-2023,BurkinaFaso_Kiribina,BF-K,#02715B,3614979
SAMN27766148,Scott Small,Burkina Faso,Bagre,2002,12,11.53,-0.47,Bagre_02-07351_Kiribina,33.0,32,32,33.39,33,32,33.24,32,32,30.06,30,31,0.923,0.02089,3.582,5922.551,F,small-2023,BurkinaFaso_Kiribina,BF-K,#02715B,2970000
SAMN27766149,Scott Small,Burkina Faso,Bagre,2002,12,11.53,-0.47,Bagre_02-07358_Kiribina,25.34,25,24,25.65,25,24,25.47,25,24,23.27,23,23,0.918,0.02209,4.073,4667.926,F,small-2023,BurkinaFaso_Kiribina,BF-K,#02715B,3428008
SAMN27766150,Scott Small,Burkina Faso,Bagre,2002,12,11.53,-0.47,Bagre_02-07361_Kiribina,27.6,27,27,27.95,27,27,27.8,27,27,24.99,25,25,0.92,0.02208,4.506,6247.345,F,small-2023,BurkinaFaso_Kiribina,BF-K,#02715B,3370703
SAMN27766151,Scott Small,Burkina Faso,Bagre,2002,12,11.53,-0.47,Bagre_02-07363_Kiribina,28.08,27,27,28.39,28,27,28.27,27,27,25.8,25,26,0.919,0.02172,4.228,5505.816,F,small-2023,BurkinaFaso_Kiribina,BF-K,#02715B,3312162
SAMN27766152,Scott Small,Burkina Faso,Bagre,2002,12,11.53,-0.47,Bagre_02-07365_Kiribina,34.21,34,33,34.6,34,33,34.47,34,33,31.26,31,32,0.921,0.02094,4.063,7568.424,F,small-2023,BurkinaFaso_Kiribina,BF-K,#02715B,2989733
SAMN27766153,Scott Small,Burkina Faso,Bagre,2002,12,11.53,-0.47,Bagre_02-07373_Kiribina,35.16,35,34,35.67,35,34,35.3,35,34,32.05,32,33,0.922,0.02082,3.692,6596.189,F,small-2023,BurkinaFaso_Kiribina,BF-K,#02715B,2898797
SAMN27766154,Scott Small,Burkina Faso,Bagre,2002,12,11.53,-0.47,Bagre_02-07391_Kiribina,38.98,39,38,39.5,39,38,39.17,39,38,35.62,36,37,0.922,0.02044,2.332,3701.574,F,small-2023,BurkinaFaso_Kiribina,BF-K,#02715B,2802900
SAMN27766155,Scott Small,Burkina Faso,Bagre,2002,12,11.53,-0.47,Bagre_02-07397_Kiribina,38.22,38,38,38.72,38,38,38.38,38,38,35.1,35,37,0.923,0.0207,3.212,6198.477,F,small-2023,BurkinaFaso_Kiribina,BF-K,#02715B,2856503
SAMN27766156,Scott Small,Burkina Faso,Dirze,2002,12,11.4,-0.6,Dirze_02-06905_Kiribina,27.52,27,26,27.85,27,26,27.71,27,26,25.08,25,25,0.919,0.02239,4.225,5829.306,F,small-2023,BurkinaFaso_Kiribina,BF-K,#02715B,3455162
SAMN27766157,Scott Small,Burkina Faso,Dirze,2002,12,11.4,-0.6,Dirze_02-06915_Kiribina,29.87,29,28,30.25,29,29,30.12,29,29,26.92,27,27,0.919,0.02185,4.078,6716.387,F,small-2023,BurkinaFaso_Kiribina,BF-K,#02715B,3225122
SAMN27766158,Scott Small,Burkina Faso,Dirze,2002,12,11.4,-0.6,Dirze_02-06949_Kiribina,27.71,26,25,27.99,27,25,27.96,27,25,25.22,24,24,0.918,0.02223,3.495,4360.363,F,small-2023,BurkinaFaso_Kiribina,BF-K,#02715B,3484979
SAMN27766159,Scott Small,Burkina Faso,Dirze,2002,12,11.4,-0.6,Dirze_02-07029_Kiribina,29.94,29,28,30.31,29,28,30.19,29,28,27.03,26,27,0.92,0.02177,4.434,6964.703,F,small-2023,BurkinaFaso_Kiribina,BF-K,#02715B,3262332
SAMN27766160,Scott Small,Burkina Faso,Dirze,2002,12,11.4,-0.6,Dirze_02-07053_Kiribina,29.09,28,28,29.45,29,28,29.28,28,28,26.51,26,27,0.922,0.02183,4.756,7201.325,F,small-2023,BurkinaFaso_Kiribina,BF-K,#02715B,3279661
SAMN27766161,Scott Small,Burkina Faso,Dirze,2002,12,11.4,-0.6,Dirze_02-07079_Kiribina,27.6,27,26,27.98,27,27,27.75,27,26,25.03,25,25,0.919,0.02263,4.803,7692.953,F,small-2023,BurkinaFaso_Kiribina,BF-K,#02715B,3493917
SAMN27766162,Scott Small,Burkina Faso,Dirze,2002,12,11.4,-0.6,Dirze_02-07095_Kiribina,28.51,28,27,28.81,28,27,28.78,28,27,25.88,25,25,0.921,0.02197,4.373,6565.416,F,small-2023,BurkinaFaso_Kiribina,BF-K,#02715B,3342832
SAMN27766163,Scott Small,Burkina Faso,Dirze,2002,12,11.4,-0.6,Dirze_02-07223_Kiribina,25.61,25,24,25.92,25,24,25.78,25,24,23.36,23,23,0.918,0.02303,5.141,6850.335,F,small-2023,BurkinaFaso_Kiribina,BF-K,#02715B,3724739
SAMN27766164,Scott Small,Burkina Faso,Dirze,2002,12,11.4,-0.6,Dirze_02-07241_Kiribina,36.72,36,36,37.18,36,36,37.03,36,36,33.2,33,34,0.924,0.02098,3.757,7684.451,F,small-2023,BurkinaFaso_Kiribina,BF-K,#02715B,2948052
SAMN27766165,Scott Small,Burkina Faso,Dirze,2002,12,11.4,-0.6,Dirze_02-07293_Kiribina,27.89,27,26,28.24,27,26,28.12,27,26,25.16,24,25,0.92,0.02278,4.796,7365.76,F,small-2023,BurkinaFaso_Kiribina,BF-K,#02715B,3582662
SAMN27766166,Scott Small,Burkina Faso,Dirze,2002,12,11.4,-0.6,Dirze_02-07299_Kiribina,34.68,34,33,35.09,34,34,34.97,34,34,31.47,31,32,0.923,0.02041,2.25,3078.196,F,small-2023,BurkinaFaso_Kiribina,BF-K,#02715B,2832045
SAMN27766167,Scott Small,Burkina Faso,Ividie,2002,12,11.82,-2.63,Ividie_02-06649_Kiribina,37.36,37,37,37.84,37,37,37.48,37,37,34.51,35,36,0.923,0.02063,2.922,5111.147,F,small-2023,BurkinaFaso_Kiribina,BF-K,#02715B,2835195
SAMN27766168,Scott Small,Burkina Faso,Koubri,2000,9,12.33,-1.5,Koubri_00-01422_Kiribina,47.29,46,46,47.45,47,46,47.38,46,46,46.16,45,45,0.928,0.02025,1.385,2093.212,F,small-2023,BurkinaFaso_Kiribina,BF-K,#02715B,2736013
SAMN27766169,Scott Small,Burkina Faso,Koubri,2000,9,12.33,-1.5,Koubri_00-01426_Kiribina,38.15,37,37,38.39,38,37,38.17,37,37,36.89,36,37,0.925,0.0203,1.966,2711.667,F,small-2023,BurkinaFaso_Kiribina,BF-K,#02715B,2774115
SAMN27766170,Scott Small,Burkina Faso,Koubri,2000,9,12.33,-1.5,Koubri_00-01431_Kiribina,32.37,32,31,32.49,32,31,32.44,32,31,31.43,30,31,0.923,0.02046,2.189,2551.203,F,small-2023,BurkinaFaso_Kiribina,BF-K,#02715B,2840279
SAMN27766171,Scott Small,Burkina Faso,Koubri,2000,9,12.33,-1.5,Koubri_00-01433_Kiribina,37.51,37,36,37.71,37,36,37.64,37,36,36.01,35,36,0.924,0.02025,3.219,6043.16,F,small-2023,BurkinaFaso_Kiribina,BF-K,#02715B,2768752
SAMN27766172,Scott Small,Burkina Faso,Koubri,2000,9,12.33,-1.5,Koubri_00-01457_Kiribina,39.07,38,38,39.4,39,38,39.14,38,38,37.18,37,37,0.925,0.02018,1.459,1749.045,F,small-2023,BurkinaFaso_Kiribina,BF-K,#02715B,2778015
SAMN27766173,Scott Small,Burkina Faso,Koubri,2000,9,12.33,-1.5,Koubri_00-01459_Kiribina,44.65,44,44,45.0,44,44,44.72,44,44,42.67,42,43,0.926,0.02022,1.281,1774.096,F,small-2023,BurkinaFaso_Kiribina,BF-K,#02715B,2758097
SAMN27766174,Scott Small,Burkina Faso,Koubri,2000,9,12.33,-1.5,Koubri_00-01481_Kiribina,39.16,38,38,39.4,39,38,39.23,38,38,37.74,37,37,0.926,0.02017,2.393,3992.237,F,small-2023,BurkinaFaso_Kiribina,BF-K,#02715B,2794554
SAMN27766175,Scott Small,Burkina Faso,Koubri,2000,9,12.33,-1.5,Koubri_00-01482_Kiribina,42.45,42,41,42.67,42,41,42.54,42,41,41.06,40,41,0.926,0.02016,1.348,1730.613,F,small-2023,BurkinaFaso_Kiribina,BF-K,#02715B,2768817
SAMN27766176,Scott Small,Burkina Faso,Koubri,2000,9,12.33,-1.5,Koubri_00-01488_Kiribina,41.44,41,40,41.69,41,41,41.51,41,40,39.96,39,40,0.925,0.02021,1.609,2264.034,F,small-2023,BurkinaFaso_Kiribina,BF-K,#02715B,2758576
SAMN27766177,Scott Small,Burkina Faso,Koubri,2000,9,12.33,-1.5,Koubri_00-01606_Kiribina,42.83,42,42,43.17,42,42,42.86,42,42,41.05,40,41,0.926,0.02025,1.832,2733.771,F,small-2023,BurkinaFaso_Kiribina,BF-K,#02715B,2780733
SAMN27766178,Scott Small,Burkina Faso,Koubri,2000,9,12.33,-1.5,Koubri_00-01607_Kiribina,32.62,32,32,32.93,32,32,32.68,32,32,30.8,31,31,0.922,0.02046,1.669,1703.783,F,small-2023,BurkinaFaso_Kiribina,BF-K,#02715B,2807756
SAMN27766179,Scott Small,Burkina Faso,Koubri,2000,9,12.33,-1.5,Koubri_00-01611_Kiribina,38.75,38,38,39.01,38,38,38.84,38,38,37.09,37,37,0.926,0.02033,2.05,3256.158,F,small-2023,BurkinaFaso_Kiribina,BF-K,#02715B,2782237
SAMN27766180,Scott Small,Burkina Faso,Koubri,2000,9,12.33,-1.5,Koubri_00-01613_Kiribina,38.99,38,38,39.33,39,38,39.17,38,38,36.64,36,37,0.925,0.02021,1.897,2306.634,F,small-2023,BurkinaFaso_Kiribina,BF-K,#02715B,2750760
SAMN27766181,Scott Small,Burkina Faso,Koubri,2000,9,12.33,-1.5,Koubri_00-01616_Kiribina,36.71,36,35,36.93,36,36,36.86,36,35,34.95,34,35,0.925,0.02029,2.359,3344.572,F,small-2023,BurkinaFaso_Kiribina,BF-K,#02715B,2801862
SAMN27766182,Scott Small,Burkina Faso,Koubri,2000,9,12.33,-1.5,Koubri_00-01630_Kiribina,39.08,38,38,39.38,39,38,39.09,38,38,37.59,37,37,0.925,0.02025,1.694,2298.497,F,small-2023,BurkinaFaso_Kiribina,BF-K,#02715B,2776761
SAMN27766183,Scott Small,Burkina Faso,Koubri,2000,9,12.33,-1.5,Koubri_00-01631_Kiribina,56.64,56,56,57.12,56,56,56.6,56,56,54.41,54,55,0.928,0.02021,1.471,2700.497,F,small-2023,BurkinaFaso_Kiribina,BF-K,#02715B,2761107
SAMN27766184,Scott Small,Burkina Faso,Koubri,2001,11,12.33,-1.5,Koubri_01-04357_Kiribina,36.87,36,36,37.08,36,36,36.76,36,36,36.27,35,35,0.923,0.02029,1.406,1573.466,F,small-2023,BurkinaFaso_Kiribina,BF-K,#02715B,2774971
SAMN27766185,Scott Small,Burkina Faso,Kuiti,2000,9,12.28,-1.41,Kuiti_00-01331_Kiribina,34.33,33,33,34.53,34,33,34.34,33,33,33.27,32,33,0.924,0.02046,2.01,2417.119,F,small-2023,BurkinaFaso_Kiribina,BF-K,#02715B,2823492
SAMN27766186,Scott Small,Burkina Faso,Kuiti,2000,9,12.28,-1.41,Kuiti_00-01334_Kiribina,40.61,40,40,40.94,40,40,40.68,40,40,38.74,38,39,0.926,0.02028,1.466,1865.788,F,small-2023,BurkinaFaso_Kiribina,BF-K,#02715B,2777249
SAMN27766187,Scott Small,Burkina Faso,Kuiti,2000,9,12.28,-1.41,Kuiti_00-01398_Kiribina,36.49,36,35,36.69,36,35,36.44,36,35,35.66,35,35,0.926,0.02027,2.942,5439.034,F,small-2023,BurkinaFaso_Kiribina,BF-K,#02715B,2827195
SAMN27766188,Scott Small,Burkina Faso,Kuiti,2000,9,12.28,-1.41,Kuiti_00-01399_Kiribina,42.28,42,41,42.49,42,41,42.48,42,41,40.51,40,40,0.926,0.02023,1.429,1986.046,F,small-2023,BurkinaFaso_Kiribina,BF-K,#02715B,2767546
SAMN27766189,Scott Small,Burkina Faso,Kuiti,2000,9,12.28,-1.41,Kuiti_00-01516_Kiribina,40.56,40,40,40.9,40,40,40.61,40,40,38.74,38,40,0.926,0.02013,1.959,3039.843,F,small-2023,BurkinaFaso_Kiribina,BF-K,#02715B,2786912
SAMN27766190,Scott Small,Burkina Faso,Kuiti,2000,9,12.28,-1.41,Kuiti_00-01517_Kiribina,35.79,35,35,35.94,35,35,35.91,35,35,34.58,34,34,0.925,0.02023,1.698,2156.401,F,small-2023,BurkinaFaso_Kiribina,BF-K,#02715B,2771819
SAMN27766191,Scott Small,Burkina Faso,Kuiti,2000,9,12.28,-1.41,Kuiti_00-01519_Kiribina,41.09,40,40,41.28,41,40,41.28,40,40,39.43,39,40,0.927,0.02026,4.604,11698.496,F,small-2023,BurkinaFaso_Kiribina,BF-K,#02715B,2852378
SAMN27766192,Scott Small,Burkina Faso,Kuiti,2000,9,12.28,-1.41,Kuiti_00-01520_Kiribina,38.98,38,38,39.26,38,38,39.07,38,38,37.21,37,37,0.926,0.02027,1.842,2593.807,F,small-2023,BurkinaFaso_Kiribina,BF-K,#02715B,2801455
SAMN27766193,Scott Small,Burkina Faso,Kuiti,2000,9,12.28,-1.41,Kuiti_00-01522_Kiribina,37.17,37,36,37.47,37,36,37.26,37,36,35.36,35,36,0.924,0.02032,1.827,2383.447,F,small-2023,BurkinaFaso_Kiribina,BF-K,#02715B,2822752
SAMN27766194,Scott Small,Burkina Faso,Kuiti,2000,9,12.28,-1.41,Kuiti_00-01523_Kiribina,44.1,43,43,44.32,44,43,44.18,43,43,42.67,42,43,0.925,0.02025,1.658,2608.798,F,small-2023,BurkinaFaso_Kiribina,BF-K,#02715B,2767632
SAMN27766195,Scott Small,Burkina Faso,Kuiti,2000,9,12.28,-1.41,Kuiti_00-01525_Kiribina,31.61,31,30,31.7,31,30,31.69,31,30,30.86,30,30,0.923,0.02053,2.346,2560.633,F,small-2023,BurkinaFaso_Kiribina,BF-K,#02715B,2872721
SAMN27766196,Scott Small,Burkina Faso,Kuiti,2000,9,12.28,-1.41,Kuiti_00-01527_Kiribina,38.43,38,37,38.66,38,37,38.49,38,37,37.01,36,37,0.925,0.02028,2.202,3297.939,F,small-2023,BurkinaFaso_Kiribina,BF-K,#02715B,2775766
SAMN27766197,Scott Small,Burkina Faso,Kuiti,2002,12,12.28,-1.41,Kuiti_02-06213_Kiribina,34.6,33,33,34.45,33,33,34.54,33,33,35.58,33,33,0.924,0.02037,1.934,2317.239,F,small-2023,BurkinaFaso_Kiribina,BF-K,#02715B,2797854
SAMN27766198,Scott Small,Burkina Faso,Kuiti,2002,12,12.28,-1.41,Kuiti_02-06221_Kiribina,24.16,23,23,24.07,23,23,24.03,23,22,25.17,23,23,0.918,0.02171,1.421,900.239,F,small-2023,BurkinaFaso_Kiribina,BF-K,#02715B,3296337
SAMN27766199,Scott Small,Burkina Faso,Kuiti,2002,12,12.28,-1.41,Kuiti_02-06222_Kiribina,30.57,29,29,30.47,30,29,30.41,29,29,31.67,30,29,0.921,0.02054,1.467,1268.25,F,small-2023,BurkinaFaso_Kiribina,BF-K,#02715B,2856233
SAMN27766200,Scott Small,Burkina Faso,Pehele,2002,11,12.25,-1.18,Pehele_02-05622_Kiribina,35.32,35,34,35.78,35,34,35.55,35,34,32.08,32,33,0.924,0.02081,3.339,5746.859,F,small-2023,BurkinaFaso_Kiribina,BF-K,#02715B,2916429
SAMN27766201,Scott Small,Burkina Faso,Pehele,2002,11,12.25,-1.18,Pehele_02-05632_Kiribina,32.7,32,31,33.05,32,31,32.98,32,31,29.87,29,30,0.923,0.02069,3.844,5863.034,F,small-2023,BurkinaFaso_Kiribina,BF-K,#02715B,2991941
SAMN27766202,Scott Small,Burkina Faso,Pehele,2002,11,12.25,-1.18,Pehele_02-05634_Kiribina,27.09,26,26,27.36,26,26,27.3,26,26,24.86,24,25,0.92,0.02157,5.021,6002.6,F,small-2023,BurkinaFaso_Kiribina,BF-K,#02715B,3371508
SAMN27766203,Scott Small,Burkina Faso,Pehele,2002,11,12.25,-1.18,Pehele_02-05660_Kiribina,32.36,31,31,32.78,32,31,32.55,32,31,29.54,29,29,0.922,0.02083,3.678,5400.112,F,small-2023,BurkinaFaso_Kiribina,BF-K,#02715B,3026781
SAMN27766204,Scott Small,Burkina Faso,Pehele,2002,12,12.25,-1.18,Pehele_02-06345_Kiribina,27.93,27,27,28.27,28,27,27.94,27,27,26.11,26,26,0.919,0.02124,3.797,4600.19,F,small-2023,BurkinaFaso_Kiribina,BF-K,#02715B,3131734
SAMN27766205,Scott Small,Burkina Faso,Pehele,2002,12,12.25,-1.18,Pehele_02-06353_Kiribina,24.67,24,24,24.99,24,24,24.68,24,23,23.03,23,23,0.918,0.02224,4.332,4676.198,F,small-2023,BurkinaFaso_Kiribina,BF-K,#02715B,3533240
SAMN27766206,Scott Small,Burkina Faso,Pehele,2002,12,12.25,-1.18,Pehele_02-06371_Kiribina,23.67,23,22,24.0,23,23,23.67,23,22,21.99,22,22,0.917,0.02227,4.251,4133.386,F,small-2023,BurkinaFaso_Kiribina,BF-K,#02715B,3607983
SAMN27766207,Scott Small,Burkina Faso,Pehele,2002,12,12.25,-1.18,Pehele_02-06381_Kiribina,25.32,25,24,25.59,25,24,25.48,25,24,23.26,23,23,0.919,0.02229,4.27,4618.855,F,small-2023,BurkinaFaso_Kiribina,BF-K,#02715B,3492093
SAMN27766208,Scott Small,Burkina Faso,Pehele,2002,12,12.25,-1.18,Pehele_02-06409_Kiribina,42.52,42,42,43.08,42,42,42.64,42,42,39.25,40,41,0.925,0.02035,3.112,6637.409,F,small-2023,BurkinaFaso_Kiribina,BF-K,#02715B,2799514
SAMN27766209,Scott Small,Burkina Faso,Sabtenga,2002,12,11.8,-0.5,Sabtenga_02-07133_Kiribina,29.93,29,28,30.12,29,28,30.04,29,29,28.54,27,27,0.921,0.02127,2.85,3394.122,F,small-2023,BurkinaFaso_Kiribina,BF-K,#02715B,3091746
SAMN27766210,Scott Small,Burkina Faso,Siby,2002,12,11.85,-2.97,Siby_02-06439_Kiribina,33.62,33,33,34.14,33,33,33.75,33,33,30.51,31,32,0.921,0.02116,3.322,5711.265,F,small-2023,BurkinaFaso_Kiribina,BF-K,#02715B,2965559
SAMN27766211,Scott Small,Burkina Faso,Vi,2002,12,11.75,-3.13,Vi_02-06847_Kiribina,73.62,74,74,74.84,75,75,73.7,74,74,67.27,71,74,0.929,0.02014,1.809,5494.262,F,small-2023,BurkinaFaso_Kiribina,BF-K,#02715B,2723488
SAMN27766212,Scott Small,Burkina Faso,Vi,2002,12,11.75,-3.13,Vi_02-06849_Kiribina,61.0,61,61,61.88,61,61,61.19,61,61,55.91,58,59,0.928,0.02007,2.274,6104.427,F,small-2023,BurkinaFaso_Kiribina,BF-K,#02715B,2768621
SAMN27766214,Scott Small,Burkina Faso,Dirze,2002,12,11.4,-0.6,Dirze_02-06897_Kiribina,21.95,21,20,22.19,21,20,22.1,21,20,20.13,19,19,0.917,0.02616,5.774,6592.491,F,small-2023,BurkinaFaso_Kiribina,BF-K,#02715B,4832344
SAMN27766216,Scott Small,Burkina Faso,Dirze,2002,12,11.4,-0.6,Dirze_02-07231_Kiribina,24.59,24,23,24.88,24,23,24.77,24,23,22.42,22,22,0.919,0.02285,5.035,5478.825,F,small-2023,BurkinaFaso_Kiribina,BF-K,#02715B,3799602
SAMN27766217,Scott Small,Burkina Faso,Kuiti,2000,9,12.28,-1.41,Kuiti_00-01518_Kiribina,24.66,24,23,24.79,24,23,24.77,24,23,23.56,22,22,0.92,0.0211,4.264,3256.199,F,small-2023,BurkinaFaso_Kiribina,BF-K,#02715B,3327328
SAMN27766218,Scott Small,Burkina Faso,Pehele,2002,11,12.25,-1.18,Pehele_02-06339_Kiribina,21.73,21,20,21.98,21,21,21.72,21,20,20.43,20,20,0.915,0.0228,3.687,2818.709,F,small-2023,BurkinaFaso_Folonzo,BF-F,#98DF8A,3927179
SAMN27766219,Scott Small,Burkina Faso,Pehele,2002,12,12.25,-1.18,Pehele_02-06365_Kiribina,23.25,22,22,23.58,23,22,23.33,22,22,21.28,21,21,0.918,0.02411,5.592,6152.675,F,small-2023,BurkinaFaso_Folonzo,BF-F,#98DF8A,4176053
